brand_guess,matched_query,title,evidence_link,published
Beyoncé’s Cécred sets Space NK,UK beauty brand launch,Beyoncé’s Cécred sets Space NK launch record in UK - FashionNetwork France,https://news.google.com/rss/articles/CBMinwFBVV95cUxPMzEySXZUb2lKNjdBRko2X0tYeXJHWDlYZ0xRVmZzSUZ6ZGhQdEpqWnhuSTFHMGJGWUFhU1pHWEtkZExjYU1vbjRMdV9GbGdDTms5NncydHBseF9yamRmLW1xa0JaOFVUX0JrYndfVjlxcGFPTGRIN1RvemZVZlM2MEppWWZPUUI3ZVBRUWpoTDV5ZS1qUWdPM3dLQ2tndEk?oc=5,"Thu, 24 Sep 2026 03:37:07 GMT"
It’s official: 2026 beauty advent,UK beauty brand launch,It’s official: 2026 beauty advent calendars are here – and these are the only ones worth your money - Glamour UK,https://news.google.com/rss/articles/CBMieEFVX3lxTE9XZlhidWx4Y1hwWER1YXJUdzNPempDMk5aOGI2bXZaSHFtVF9NanNremNnWFYwM3pfYjhuV0FEekJRNjUzeGpKWEtzSTlzMzRldkFCVDFXdTlCbFhfRmxHMTZ6NVg1VGo4QXFHaWhmSGhNT0tDQ28zcw?oc=5,"Tue, 22 Sep 2026 09:00:23 GMT"
Rhode Brings Back Limited-Edition Favorites,UK beauty brand launch,Rhode Brings Back Limited-Edition Favorites in the UK & Europe - Beauty Packaging,https://news.google.com/rss/articles/CBMiqwFBVV95cUxPSGp2c1NIRlJuS3NQQXdMOVNwNlh6dHhvZnhXNVN1dnhXTnpNZ3hSVm5yVTVvd2o0VHhvY1k5UzVpMEdabEhPZVlxV1ByNVJjcUdTUGtOOTJDMGNKNE14UTZTZjJhTTY5N214c0Z6LTdXS0o2OE1rbHJzWFl0bE55alN1QlExUGR6RkYtOVRWRzJmTjNoc19WN3JBcExXcEROZ2lIMDlCWWk0dDA?oc=5,"Tue, 22 Sep 2026 12:17:00 GMT"
8 New Beauty Brands We Love,UK beauty brand launch,8 New Beauty Brands We Love - SheerLuxe,https://news.google.com/rss/articles/CBMiWkFVX3lxTE1CemVJWl9zelgxUUpuWm8ySDliLUlHeVVqa1BEemlUaEpMQmRuYzdlazlpOGFYcl9TWTFJRDcwb0dNZ3JkMnVfNE1nUTlTc2otN1IzeEZfYjhmUQ?oc=5,"Tue, 16 Jun 2026 07:00:00 GMT"
Sarah Creal Beauty launches in,UK beauty brand launch,Sarah Creal Beauty launches in the UK and Ireland via Space NK to expand reach - Cosmetics Business,https://news.google.com/rss/articles/CBMieEFVX3lxTFBRUUhkdWxTMkVTejl5Z0F4ZmstRUlrczNELUVIRW82Y3Z2eExBNWpKWFNuZkJBZ3B3WTlHWkJrRURWOHo2Q3UxS285S3dZMzZQeEtaV0czeGtrRHlJaHdGa0dSRGs2MGhmLUlZTHJMSzFsNnNGQklBQg?oc=5,"Fri, 04 Sep 2026 07:00:00 GMT"
Best beauty advent calendars to,UK beauty brand launch,Best beauty advent calendars to buy in 2026 – tried and tested - Cosmopolitan,https://news.google.com/rss/articles/CBMikgFBVV95cUxQankwcDhXbjNmdklIcENMV3R5RmVaMVd3NEdtQVRHMjktLVlkZENzLWQ4ZXBhZWdhb0x6OFVZNDZ2ZG1GR0F5WUhvVGZ0Uk9CQnVFQ29FSDgyRS1wOXphQUFkcTNHeUwwNjlvMDVld3VXd0tETzJkeVBfV0pPNW1LMXdyanc0UG9xSWRWZlBmMWN3Zw?oc=5,"Tue, 22 Sep 2026 07:00:00 GMT"
Boots welcomes Charlotte Tilbury Beauty,UK beauty brand launch,Boots welcomes Charlotte Tilbury Beauty to selected stores across the UK - boots-uk.com,https://news.google.com/rss/articles/CBMiuAFBVV95cUxPSmtocU5JNl85b2E1M1ZSU2k4MVJiaHlaeTkzcW1hbE1DSUxEbmp6NGN3RGF0Q3BzLW1MdDNkYkRsSGZUWEloZXhmejdCMm5ZZWJ0RmFSNy1veGw4S2Z6VkZjcGdmLUpmRDJGTF9FU2Q2NzFtNnpfdmVhUnFtTTR1QzVTNlZtdFN5amJSQXFLbWdTSGtubzhrSjA4WThIQWFLQnZvaEg5aDhvM0hfY3VtMGVIMjA0TlJ4?oc=5,"Tue, 30 Jun 2026 07:00:00 GMT"
Skin Rocks Reports Rapid Growth,UK beauty brand launch,Skin Rocks Reports Rapid Growth and Launches ‘Make Skincare Make Sense’ Campaign - British Beauty Council,https://news.google.com/rss/articles/CBMiuAFBVV95cUxPam9tZkhPS3VEdjk4cXRPZ1dvaURjYnh2b2pLZktLS1NpalFaTGpBd2hrRWxiVUFQNlozeEVURzNVRXV0cHV6VkU2THE0Q1NpU1NobEFOQ1EtXzhYeFh6WXRWVWtEZDRBT3Btb2VXSGk5alFqSVlRVzBxRURMMzB5RFVMNks1dmt1VEpyN0QxY3RvN29INzVsNnY3YzlHSVIzWmViU0JSZUxGYkJ2UkVMSTQzMnV4eUJf?oc=5,"Mon, 06 Jul 2026 19:34:58 GMT"
Touchland Makes UK Debut Exclusively,UK beauty brand launch,Touchland Makes UK Debut Exclusively With Space NK - TheIndustry.beauty,https://news.google.com/rss/articles/CBMiqAFBVV95cUxNc2dEdXhBeXBpalVONHoweTRZQ3V1ODlGS2xCdm9WdlB3ZW1DNFl0NHFfamw5cXVLc21aZGwwWHp5c3lqek9ITjk0QVNLQVhNTjgzWXZYTHB3S2pMLS1yNHBSRWFRYVdtWkRjYTg1Tk8xcG9OUjc2SWlObU9mRlAya1ZLZkN6SFRaZjFtT05LcU9qTzdRNlhkUHBoZk9SbXVXS0Nidm5TS1I?oc=5,"Thu, 03 Sep 2026 07:00:00 GMT"
Hair and beauty brand hails,UK beauty brand launch,Hair and beauty brand hails strong performance - boosted by new product launches and growth in UK market - Insider Media Ltd,https://news.google.com/rss/articles/CBMi3wFBVV95cUxNYU9MNi0zTzlkSGphcGlNLVlXMDNUVm05MGhUWkJJYnQ0MHJXd0t4YUEyTDV2OU5QTUg0aXFNWHhRWXZpZFFoZVFFSVFNcnFhZURydkFSNXJKdzBEWDhsc0hoY3paQ0ZvblRieXVkdU50RVlqQXI2bG5ELXFVZkJjaVNIMkFJOWRrZXd6bWQtNXlNS0lTRVhDRDFDSVhMZVZ0dEhsX2ktaVRHU3dKQzlRbUtaMDNSb3hNMHMtWkJxdXF5Y0k5emQtODBXaTNJQjBHbUZuRExULUdkY0xyZ0J3?oc=5,"Wed, 02 Sep 2026 07:00:00 GMT"
20 British Beauty Brands The,UK beauty brand launch,20 British Beauty Brands The C&TH Editors Love - Country and Town House,https://news.google.com/rss/articles/CBMiigFBVV95cUxOT2VETVJydmFPVjZJbF81WmtpQ2F3MEdMSUY2TGp3V1NFeHE4Y1JLVF9GWjhyanVFUGxkaDZRRDBkSEdxRlpiNWxDbHBfemk5Wm1MZ3ltLW8yOS1nQW9vVE8tODFNa0N3WEhwUlh0NTBGY184MUNKVWJZaGlDcW5CYldzYnZ4VS1ERkE?oc=5,"Wed, 20 May 2026 16:07:23 GMT"
Is Jo Malone London’s marketing,UK beauty brand launch,Is Jo Malone London’s marketing and brand shake-up working? These experts weigh in - Cosmetics Business,https://news.google.com/rss/articles/CBMiigFBVV95cUxOU2JORFhuMTRvMnFRUnJuWmZiWGkzZ3RuUFJuWHd2Z3JWT3VsRDllMzlZa0pyY3BVVUYwamE5dFFLZG9sdF9KandOenMtT0pIYmwtYXdhM0JVVjB5b1pmOVctUTNuVmVkR0JzcFFkbFE5Q0Q3VGxERlI2UE82UVdpbWtLdE12TWJfbGc?oc=5,"Tue, 08 Sep 2026 07:00:00 GMT"
Margaret Dabbs London to unveil,London beauty brand launch,Margaret Dabbs London to unveil beauty launches at TFWA Cannes 2026 - DFNI,https://news.google.com/rss/articles/CBMixgFBVV95cUxQbHBuZU0xNEZrem5LMFFSVU02N3BTa0FxaU5rR2xLMXRVZldWY3JhczU5bFBnOVZCbmtSZ1IxcEdndjlMV0JJdENDbjJMSWJzS2xic0ZxRERxZkNLZlJ4NEdZOGpKYTJhNU5xTWsyWnV3TjRxbEtHMWJaZzdBVHRpeFAyd0lyZ2JpWmlOUG9PYW11VThnMkNOT0hHSWZESWFZVk1OQnZGZGZIclpaNERmZTlMZGNRZFBYR29HWHVURkUtOVEySVE?oc=5,"Thu, 24 Sep 2026 14:45:42 GMT"
Margaret Dabbs London to launch,London beauty brand launch,Margaret Dabbs London to launch TR beauty innovations at TFWA - TRBusiness,https://news.google.com/rss/articles/CBMiwAFBVV95cUxPendmT0JtOUdWS3M3S0NGVEdrNTZtTWJJVnVtU2RMaWZjbEtpUW9BYlZxMHJNOTVodkwzN1NQN0FVZzN1WjFFcnhrYUhNaEh1SHVlSUFrZGl2dExhYnNIS0NCUnlIQ0VsUDVsWkVJVFQxR241YkhtclM5aEdxLVprd3ZFRmUyd0toeDJBMVVBWmRrOUU3VXgwbE42bTMtNDZFZy1naXNwZExFSTlscGtXcVlqOXBsemQwVzFBbFZ2VEU?oc=5,"Fri, 25 Sep 2026 15:30:48 GMT"
Triona McCarthy: ‘Watching Pippa O’Connor,London beauty brand launch,Triona McCarthy: ‘Watching Pippa O’Connor Ormond launch POCO Beauty in Selfridges in London made me emotional and proud’ - Irish Independent,https://news.google.com/rss/articles/CBMikwJBVV95cUxQOHItVWtGc2VhTF84RzVmU045N1NDams4Nm1LWTVld2RaUDQtYkJEa2dOdXh5QTNKVnlteFpYS3p1eXR5OHppeVFmb3NYZHRsSXdBV3gtWUI4REFYU3phcjQyUmRXSjBZS3kyZmNVamlOcm9rV2NNWnlNLUNoNVJVRzFvTXROUnZEal9SSjEwNWhXQkx3VFYzUUM0QWVWS2ZqUzZmSl81ZlNLRkd1enQzU1ZWS2duSmtGTkN6UVZaVlIzd1UzeC1nbjJPR09EbUpLNWQzMlY4b0JXdFl4VlNTR0VoMkJwd29TdV9BQmRvTnhPLVQxUUU1c0tnZVI1eDFnYzd2dWl6emxDY3RyOEhFcnJfcw?oc=5,"Sun, 27 Sep 2026 05:30:00 GMT"
EXCLUSIVE: Skin Design London Launches,London beauty brand launch,EXCLUSIVE: Skin Design London Launches First Beauty-tech Device - WWD,https://news.google.com/rss/articles/CBMitwFBVV95cUxPUjBtVUNFU2loVXFmQ2pkdDJOQW1LcWhGVFRqOWxGZmYwXzlCNmNsNTlhUUpLRzJxUFp3dlg0WEV5XzVNdnR2cmstTXhtMGNwalN6NGV3WWhfVHUzbG9kWDlGaDNiejdxTEhHSGQwdW9VdmNWcnh1MVB2a29KN25SRzRKRzhmYzhCNGtoajRvdUNvd2VMVldjM211MWpzWHB6RlBsekxhMHctMVA2Q1pNbnhmYnJvNVk?oc=5,"Mon, 03 Aug 2026 07:00:00 GMT"
I've unboxed the best beauty,London beauty brand launch,I've unboxed the best beauty advent calendars for 2026 - London Evening Standard,https://news.google.com/rss/articles/CBMiugFBVV95cUxQanl6dzZ2RkhHdHR6UVpHRmM4NzVhV05XczlSbjR5MVdkRVhKYmYzS0xhM0xFaU4tQkxlZlRBTm9TYUVVU1YyeU85MXd6T3dmOS1lbVFxM1BRdEpITkd6QVY3cHk5dlY3YjE2UnZlRjN3R2lfaGQtWHNWQkJQRHliTF9QTmdlUHRNWWxSNDQ2bXBPTFdQVGRKMmkyTWpndHVZWS1zdGpBVm8yRmZFZ01kbm5XVFQ5dmhxNmc?oc=5,"Wed, 23 Sep 2026 00:59:23 GMT"
Margaret Dabbs London to launch,London beauty brand launch,Margaret Dabbs London to launch TR beauty innovations at TFWA - TRBusiness,https://news.google.com/rss/articles/CBMiywFBVV95cUxNZVdvZl9wVU9qcEZXNzBXNGY0V05DbmtUQVBmeGY5c2QxYjZkR182ekdINTVXemZoM0V1eUY2R2lfZ3kzN1lUN1VIbkxkWjYwUGZXQW0xeDZ1d0JpNElkLXpZRW5VUVRQWkp5VmVuOGw3R0FnWXlkZnltbUdIamdTd2tMcUx1MWVpY1h4RElpQ09HUThNRFNyVk93WmxtNXBLQ2ZhR0YwU3ZidTFMMERyQWNERl9MWGNQYl9YZVZIZmVmSExaa0paU2U3Zw?oc=5,"Fri, 25 Sep 2026 16:30:00 GMT"
Aveeno to unveil new skincare,London beauty brand launch,Aveeno to unveil new skincare launches at London wellness pop-up - TheIndustry.beauty,https://news.google.com/rss/articles/CBMilwFBVV95cUxOMHpSai1aN0ZpbEx3U2xrRkZaWGtYS0RiNGFSS2Q0NnNmamlfSTZhYjM2NWxrSjAtdHB2ZEN4ZFRQQ19mcjlWa29wd0tjbkNsMTQxTl9jRXhsZ24zMVZscDZhbmxNYU14eW1WX0pJemdFME5hbF9wakxqbWU0ZVpoNVVxbDRkYjU5alVPbTllU3hQZXNxSkk4?oc=5,"Wed, 08 Jul 2026 07:00:00 GMT"
Beauty Advent Calendars Are Already,London beauty brand launch,Beauty Advent Calendars Are Already Launching—13 You Need to See Before They Sell Out - whowhatwear.com,https://news.google.com/rss/articles/CBMia0FVX3lxTE1RajJ4S1Nvc2N5MTJYVEcwbW9XWm9MaEJOZEQyZnM5aU5lc245Z1AwTno3Rzl4c0x6MlMxU1VjaW12SkRlVVdMSVd3YmFrZjNTVjVoNngyNnplcjFtcklmTDhNalNib3otZlRR?oc=5,"Thu, 17 Sep 2026 07:00:00 GMT"
SEPHORA BRINGS SEPHORIA EUROPE 2026,London beauty brand launch,SEPHORA BRINGS SEPHORIA EUROPE 2026 TO LONDON WITH IMMERSIVE BEAUTY METROPOLIS EXPERIENCE! - vergemagazine.co.uk,https://news.google.com/rss/articles/CBMiugFBVV95cUxQeWQwN2NKaHE2Qms0bHMzZENwcHkzSjVKdkhWd3M4azVyQ2x3Ymthc1hVVVhvakN0UWZ1TmhsZGdfSUVYUU9hM3N3ZnZjN2pEbU5tdlpJcGI0TTVfeXBYZUtMM2h4bUdJZUNlelgyV0NJSWJ0NlpBNnd1TVY1eHBWZGs5RTU4NWd3djh2T2ZsUmo5dmo5Q0R0R2IzN0p1bzdlTlo4OVBKbFRjeHpDR3ZFbWhwcFFGaXNOcFE?oc=5,"Fri, 26 Jun 2026 07:00:00 GMT"
Is dog merchandise beauty's next,London beauty brand launch,Is dog merchandise beauty's next big flex? - Cosmetics Business,https://news.google.com/rss/articles/CBMiekFVX3lxTFBMTlRacnF5VVllWDZGV1V1UXl2UG1BUUhVWTFZcGIyRUR0b0hfamhaZTdqSnRTSkNfdHFvRmIxQUFvbFUtWVZoeUhrblljeEN5UDdwMTFZeGdJclBvM01IMnMtQkxJYUpFWFVLZWFYc3p4TWJUd244RUhn?oc=5,"Mon, 07 Sep 2026 07:00:00 GMT"
"E45, Nivea and Simple named",new beauty brand UK,"E45, Nivea and Simple named UK’s most recommended beauty brands - Cosmetics Business",https://news.google.com/rss/articles/CBMihAFBVV95cUxNNXVkUktKajVTQjBXRURTMmZad2ZJZXpTdTZPeW1LODJ2WUI2THBZMklrN05xR0s2MVNzLWQyOW5GdzBkcnlTZVpkYWFnQndMYkVaTDFTaE5HbzhjbGpBTjV2Z2I1Sjg0YVl0ekc2WTI3VzcxQXFDeEt1Q01Dd3liLUx3V3g?oc=5,"Fri, 18 Sep 2026 11:38:47 GMT"
The Beauty Digest: Cécred Comes,new beauty brand UK,"The Beauty Digest: Cécred Comes to the UK, Romilly Wilde Returns & £22 Skincare Gets Serious - Marie Claire UK",https://news.google.com/rss/articles/CBMiiAFBVV95cUxOa3hVWnZXWGFWOHdJRm9vT3pUV3QycFVvY0hkRmhvaDhNNkR5bm9vUEVxaFlIR25UMERWbHRpOU14YUVwdnF1eFBMTko3Y0E5ZDUzaWU4NHJtNkFoSE81Mzg3OFBldFdXcDdKY2Nybmc3RTNBSW54ZEd4c0x5SE1WWkhJNDltZS0z?oc=5,"Sat, 19 Sep 2026 07:00:00 GMT"
I test beauty products for,new beauty brand UK,"“I test beauty products for a living, and these are the 25 best buys I’ve discovered so far this year” - Stylist",https://news.google.com/rss/articles/CBMifkFVX3lxTE54c0syNzdGUWd4a2VMT21wM25ZNUthZDNtZ2Z4RWNyMnRfdWxSeVpzU1dMQ3ZkR2RjeHNsQU1iRzFxd1daX2Q5NmF4bUFad1FWOEN2TW1pMEU2T1g5aS1pbXdjQ1V4WmVJUndhSkVMTTk0RDBNN1JMeklMQk0wQQ?oc=5,"Fri, 21 Aug 2026 07:00:00 GMT"
This week in beauty news:,new beauty brand UK,"This week in beauty news: Dyson's new hair tools, win this year's Selfridges calendar, do you have ""Autumn skin?,"" and more - Mamabella",https://news.google.com/rss/articles/CBMiYkFVX3lxTFBreU02cVBEMGxxRkFVSEV3aC1fenlobGE4WDBFRHhTS0o5NUtueDNjaFo2b21OeDhwSnJIdk9kT0hsam85U09NM3IyVFM5amZ4R1VUU2RSa29Sb2tWb1RZbTVB?oc=5,"Sun, 06 Sep 2026 07:00:00 GMT"
Irish brand Poco Beauty enters,new beauty brand UK,"Irish brand Poco Beauty enters UK market via Selfridges, marking a new chapter - Cosmetics Business",https://news.google.com/rss/articles/CBMiekFVX3lxTE5oRG5Dd2Z2VExyV3dpV0dmM1Q5d2NteUwzVVZNdkNfVUlqR3Y5Sy1XUmNQckpsOWVLM0hHd0NVdmMxamlRWXZvTDB6ZDlCbzktYTdPeWJGX3pnSjhidlpMZGNIVm5oR2FSMnBOYWJ6SlZITE05WlN3aWRn?oc=5,"Tue, 15 Sep 2026 07:00:00 GMT"
Harper Beckham's new beauty brand:,new beauty brand UK,"Harper Beckham's new beauty brand: Everything we know, including the recently revealed name - Cosmopolitan",https://news.google.com/rss/articles/CBMirwFBVV95cUxQdFI4aHA5RS1qMkt4X3BOaC1xNmhlQXROTnVBaUlUdVI1MnBDc2lRVFpDSURneTA1c21tS2g2MXlweEYwN2V4MzBja0plaURyZG1tYUI1cGNaakV0cXc5RktCeUw5bWxOUUZUR1pxaVI4ak4tQkxYdDVPT0pPY2xRZmJoVjA5U2NhN3JKOVFZa3VZN2Z1amVTS2R0QUZ5QWw5OTNtOVRmZjJIYkZfZkRR?oc=5,"Wed, 22 Jul 2026 07:00:00 GMT"
Gen Z’s “manifesto for change”,new beauty brand UK,Gen Z’s “manifesto for change” calls beauty brands to take action on sustainability - British Beauty Council,https://news.google.com/rss/articles/CBMiuwFBVV95cUxPLVJLZVdPQkk0ZzZwOW93amhwYWpsc1dseVd6VmVhZWJqQmZEdlFFUHBpWkVXbmlSX3VRYS0ySUJhVnRwQkE2U21wNEYya0hnUWowMDZRWjFEWXZIcnlkLXlBVGhiNXpvT1pzY2l1RDdEcG5iMVdOcjBsQ3ZCVVdDYTY2TmR6U3IyRUw0LU9RdXI4YWIxNi1uemF2ODNycEFVVmt6QjdZQUFBN3IxZmpRVEtkdHJrYzdmemgw?oc=5,"Wed, 17 Jun 2026 00:27:45 GMT"
UK's largest Korean beauty brand,new beauty brand UK,UK's largest Korean beauty brand confirms opening of first ever Scottish store - Yahoo Style UK,https://news.google.com/rss/articles/CBMifkFVX3lxTE5wVGhxM0IwblVCbmJvc1hNbnV5RGVRMGVFY0tGUHB1OF8yWUZ5WHV5TE9BUWhzTjQ2WXBPSkJUM1dTcExxejZoejJjYkQ3ckxpUkRFU3BNUW9ZbW5nYnNjVWxFSDdUTVhoZm9GcXJfQ2Q2c3dYX1MzUkJLSDk3Zw?oc=5,"Tue, 04 Aug 2026 07:00:00 GMT"
Viral beauty brand Sephora to,new beauty brand London,Viral beauty brand Sephora to open two new stores in London - London Evening Standard,https://news.google.com/rss/articles/CBMihAFBVV95cUxOOGc4OFBXSmRkNmVzc0NTdXcxdk5POXFiYzlDNGV6NTkyc29FX01DYU5FZ2xMaTlOVGI2eU5pYWFrTXhnQWxsOVByRzlRVVJOYXlOSC13eTlLM2JCNC1aZXk4MW9tNEFZenBPbzFoSk95eE5jYmktRVYyMVBlZkRnT0FNS1I?oc=5,"Tue, 09 Jun 2026 07:00:00 GMT"
"As a Beauty Editor, I",new beauty brand London,"As a Beauty Editor, I Cannot Believe I Have Been Hesitant to Try This Brand—It’s Now Become My Most Used - Marie Claire UK",https://news.google.com/rss/articles/CBMickFVX3lxTE5ncV9pdU5JTGp2RUNWdWU5UGlWOGZodXJwY1NwcTlTc1EyZklkYndRWV9OekZOQmQtUUVacEZpUjFFdDU0cEJxclo0Ym9GQW4tTWlPTVg2dWozQ2c2NktQUkFXYVp0SS1JZlNqMUFVRUlZdw?oc=5,"Tue, 28 Jul 2026 07:00:00 GMT"
This lip balm was grown,new beauty brand London,This lip balm was grown in space. Will it transform the beauty industry? - wallpaper.com,https://news.google.com/rss/articles/CBMilAFBVV95cUxPSFhPbFBzejNwZ05HcEpDMjVTWlNpTXh2N2FPSXpwNkZrX1oxbjBuZUlzQk8yWUozY1Q0b1pLUlNwbHFVcE1rN25Nc0FTYlFDbWRrcDV1emJsNnFiQVFfYVl3TlM1bjhlVzJLcnJiSXhPRlZ2ei1DWUFacTljOU5hSHIydzFEcjMzSFl4dnZjMVdaTzNh?oc=5,"Tue, 05 May 2026 07:00:00 GMT"
Doja Cat Turned Heads in,new beauty brand London,Doja Cat Turned Heads in London While Celebrating Her New Beauty Collaboration - Just Jared,https://news.google.com/rss/articles/CBMitwFBVV95cUxPX2g1SU9QblRHNlp3NDkwczh2LTJUcDhEa3g5V1VhempRc0JwSTBwRHFVejFFR2kybU5XUmJXb1lVSHdQUVBUXzhLNVFIUkNwN0EyTEpQMEQwMy02bm0tdTlMbDUtLUxlTkJLYnRUSGgwZHowWkx0T1NpbER5dDY2VWtBSlV0YWtucHNacGR5dzR6N1ZnMklwUGF2bzNDeEtOakg4V0FhTTZnMGlhSjQ1clhpb3FSQWs?oc=5,"Fri, 29 May 2026 07:00:00 GMT"
Dua by Augustinus Bader opens,new beauty brand London,Dua by Augustinus Bader opens first-ever pop-up to promote beauty brand - Cosmetics Business,https://news.google.com/rss/articles/CBMigwFBVV95cUxQbC1rbGRrS2J1M2FtWWR4MFRmT2kzaTY2cXN3Q2FRQmFzZUhaNFVVRV9PdGF5NDZEbnBiSDF2S3BzVVdYbUZmVDg3RW5ZS1paM0E4N2ZqV05pV3pTZEVMdXNLRTFLV1FUbmlqeHRlX1dlUzBMeWQzQXJkeDgybmlTdHVONA?oc=5,"Tue, 19 May 2026 07:00:00 GMT"
Dua Lipa Goes Pretty in,new beauty brand London,Dua Lipa Goes Pretty in Butterfly-Print Dress for Beauty Brand Pop-Up Event in London - Just Jared,https://news.google.com/rss/articles/CBMiwAFBVV95cUxPODJEbm0zWVdwN0t2dVFNYlZ1YVZ1eTJjWDJQRUczMGk0QzB0dXo1czljaGE3ZV9nYS1EUHd0SGRXbXFzQXR4bFhYSUJCZk0ySHNyVlpMRGRBZnp0RlpVOTZtek9GYzU1MHRWbkc5OHhUTU83Q1ZGNTBaRDJkdmhQY3NSWGJlTHI1SXpSVkV3a3FHSlhIMmxXLWpaeW5XV2tkYWhWektSemRGX2dHQm15MlVMeWRoNWdidHI1elhPbFQ?oc=5,"Thu, 21 May 2026 07:00:00 GMT"
H&F artists go global with,new beauty brand London,H&F artists go global with unique designs for ethical beauty brand - London Borough of Hammersmith & Fulham,https://news.google.com/rss/articles/CBMimAFBVV95cUxOeGVIVzRWaFprMXVLeHAxb2JEZXpFRW04VGhJUktsVVhadE90elFCUTNKMTlvcGNBeW9YYm9WVnljY25Pb2xsbjRjT29qR2h3emdHUXJ0ZHN0Q3hRSVdla2R2bEVhOXZzMEVKUkptREpLcEVZNnU4Q0F1amNUcmZpZXUxaF90aDNmMmlwd3JkNlhjT3FLbDVOaA?oc=5,"Wed, 04 Feb 2026 08:00:00 GMT"
Olivia Dean is the new,new beauty brand London,Olivia Dean is the new face of beauty brand Hourglass - FashionNetwork France,https://news.google.com/rss/articles/CBMiowFBVV95cUxQdFdQZkRNb0h3VnlOQlRubFo4MVhLYXZoWUpFaXFFd2w1Z0YtZWRaYmFxTC00RW8yUFpGTkdUenEyS0pWWkxXckI2QmZYQ3hsMjNTYVYtZjJhMHE3U05DZElsMkp6S19CcEp3Uy1DT01lX2ZsT2w2TDNBUDRWNlBqTU15SzNQNXh4Q1hwZ2pnSGdIX0hLSzJWcUNlaFlvT1lFQThZ?oc=5,"Tue, 10 Mar 2026 07:00:00 GMT"
rhode Announces the Return of,UK makeup brand launch,rhode Announces the Return of Limited Edition Favorites and New Exclusives at Sephora Across Europe and the U.K. - Business Wire,https://news.google.com/rss/articles/CBMi_gFBVV95cUxPYXhPQmZLb3YzWXBLQk1QMzZ5c0RpWDFYVHlsakpjMWVyTkJRRnNQRGpvbkItbVFGUUZMVmxEdVZQd0F6NFU4Rkk4cTdOeGJwaW5BTFNnU2l0Wnh2UC15SXh0clBMY05pbVNLdUhQTUZJTmIxcC1oUTdocVhKQjR6NmtDcTNGbTF1TVQyZHZNS211emVlaHhvbWlGRUsxTGxreHpmMXd1ejJkaHNKNlhYTWk5V05RV0NEcGRNWFdvVXZDTE5QbDVUTXZudWF3U0xZeWUwNnc4R0dhd3VLTVk1NGEzcVRHR1FyZlUzdVJzdmxnNXpiYUNIbEhSYUtvZw?oc=5,"Mon, 21 Sep 2026 13:00:31 GMT"
Beyoncé’s hair care brand Cécred,UK makeup brand launch,Beyoncé’s hair care brand Cécred confirms UK launch via Space NK - Cosmetics Business,https://news.google.com/rss/articles/CBMipgFBVV95cUxPU1M4XzNfOVppZlVQNTVCNENHOXo5VEo2cUJXS1RIcGpidk05R2M2V2tSUFpzQzI2VHNHSlJ0TXBCeTFpbkZZd1ZCSFJEM19JTURUUUFtM2g2Mkh3cHRZdXJpb29ybFpMMlJGV3EwVlVoM0pkVjhtMk80R3p0YmxIb1drcTJDUk9RaExIQ3lpaVgyNG9BVnNXQ040cHIxbXc4dmpYR2xn?oc=5,"Tue, 15 Sep 2026 07:00:00 GMT"
MCoBeauty brings back original Urban,UK makeup brand launch,MCoBeauty brings back original Urban Decay formula in new 'All Dayer' launch - TheIndustry.beauty,https://news.google.com/rss/articles/CBMipAFBVV95cUxNc2dSVjNjLUZTXzB3aHhkazZYaGFXNm9NSzY3WGh5bGxrTENuYkN1YXNFOGpjMFE0YUtIdjVJdExMWW9yS2lhZ1lJaHNJaW9EZi1OcmZwMEYzeGdxT1lHRTJCTXl2eU9ZVWFFbWRaQW5wc3VLUG1EUE1WSlRGVkdhWk84cVNKOTU5MG1NdHdQTWRiWFBmOE5qV0FIZ3ZRaWpKdzN3eQ?oc=5,"Wed, 22 Jul 2026 07:00:00 GMT"
I've tested every single Merit,UK makeup brand launch,I've tested every single Merit Beauty product ever launched – I have thoughts - Glamour UK,https://news.google.com/rss/articles/CBMid0FVX3lxTFBTR3pTRTJRd29LLU04QUpPcUVzdWxKbHNGaFBpUDVRTlFMYkprSkFRTVYwU1Jqb3BvbUJvX3pkQVJiUXFHWWZycS1KVHdLYVRKYlplbVV2SnNRRk1iMnNucVFQenBHNU5uTUZ2aWNwOURHMmxub2hn?oc=5,"Sat, 01 Aug 2026 07:00:00 GMT"
Can Beauty’s ‘Limited-Edition’ Launch Strategy Last?,UK makeup brand launch,Can Beauty’s ‘Limited-Edition’ Launch Strategy Last? - businessoffashion.com,https://news.google.com/rss/articles/CBMiqAFBVV95cUxQQmlob1NkUTUtRVZENjB2bm8xNnVVUjRoMnBvaTJDOXdNcHBGczBLTnhTdEU4UWlIdzdlbEhWX3k0RmdjQ0FhQjJLUkxtS1BYYWV2Rk5FcVRRdk9uWmotdEtVaXlKSWtZY0JzOHNqTGNIMmxrQklpVlBUUFpUbW5HLThJSGNCeWd5T2ZmX1hVYk9FQ210THZ0MGhSYmlad29vWlhKS0NFbzk?oc=5,"Fri, 01 May 2026 07:00:00 GMT"
Princess Andre shares sneak peek,UK makeup brand launch,Princess Andre shares sneak peek of her own makeup business before official launch - and reveals brand's name - The Sun,https://news.google.com/rss/articles/CBMijgFBVV95cUxNNXRKYzN6dDFZbDJUdU55SUF3dWRXaGVuU2tNRGZ1XzNaZ2dMNU5fQ1FzdUxTdHpqVVFhaS1VT0h3Y0t6NEZZSDkzMWJWM0FMQ0hVMmZwUlZ1b2RLUENZbEd1SEF4WUV2ajVRQW5BWHhIM0xPaU5iaVRHal9USzBqZ1BKRzhUSzF4V1o5Tm5n?oc=5,"Sat, 04 Jul 2026 07:00:00 GMT"
Big-name beauty brand launches at,UK makeup brand launch,Big-name beauty brand launches at shopping centre - The Argus,https://news.google.com/rss/articles/CBMipAFBVV95cUxPclJRTkhYdTZ5UjNreDM4WURxbUw5MkNRUXlxRmJtOXRKaUp1MlR4cWNLQ0NpQi16UzROa2IzN2sxUVN5anNsWlRRNUJWblZOaWg5dkhBM2kwWWpicVhSTVgzOVVrUURNbVROVk5LVEZqdklKZUpsXy14aW9LenRPb2hVQlNUckZYeUNvdUxLWlpVSzl6Z3hkZXNFZEFvMFF4b2J2Uw?oc=5,"Mon, 13 Jul 2026 07:00:00 GMT"
"In Review, February 2026: Headline",London makeup brand launch,"In Review, February 2026: Headline highlights from Sephora, L'Oreal, Selfridges and more... - TheIndustry.beauty",https://news.google.com/rss/articles/CBMisAFBVV95cUxOMlFiUGkxMW50SVlOcm16dTFKZHZDLW1Od09JN1dOYWVfaGQ0dHlTT1VRU3k4Wm5VV1duUjg2MVl0a3ZJOTFKbkNWVFZDUXRzc0VoRDBaOV9wLVBfbWY1aWRtQ2xwMkd0MWluX0JKaUZaZjJjdEdtdDY4ei1EendmMVM1NW10TGl2UlJnR0lJS0pmRkdhZ0dhMW8wWG1hVXJOYWNBR1RpdWs5QTNSTEc3ag?oc=5,"Mon, 02 Mar 2026 08:00:00 GMT"
Beauty brand Merit steps up,London makeup brand launch,"Beauty brand Merit steps up its international expansion, launching in Spain and Italy - FashionNetwork France",https://news.google.com/rss/articles/CBMizAFBVV95cUxOblFrTy03eUZ2SldIcTlhb0wzRFdDWmI3RXktUDIxYlBWbkpFY0hxXzJJSGxRSDJ3VXFWem9YXy13Qmx6SFRGMDFST0Y0VkRidDh1Vl9ZNXFXcTdTV2NWSjNXVjdQZDJfQXBPSHAzOE9faUJaMDltWkwwc29OOGpzVFJsNFhUX05KQ3J1UlBpeW9ieHdjb1Ixd25ybEJDMTBxVkZ4RGY2OEFqWkxXeXM0d285NDNQVWJIc3Y0NTVJNDY4VFBsamYxQXJMeHg?oc=5,"Wed, 28 Jan 2026 08:00:00 GMT"
Stacey Solomon launches beauty brand's,London makeup brand launch,Stacey Solomon launches beauty brand's Selfridges pop-up as she leads celeb parties across London - London Evening Standard,https://news.google.com/rss/articles/CBMikwFBVV95cUxPRGlVM0pTWUVsMnpqdFJ5ZHhBaU9jdzI5ZzBEbkVnQlFoV1dVVUk0WW8zc2Q2UWtuSlctSU1aYmJBSGVIUVg4ZUp6MWFxbGMxQXhZcUxodnZJRUxyNmZNYW9FSHJlaWRVOGZDd3BKdnp0TmxVVjJlVGFScmw0b3c5VkJqaUxYSVQtXzRGeVo2c2l3OVk?oc=5,"Fri, 27 Feb 2026 08:00:00 GMT"
"British startup brand, Curated Beauty",London makeup brand launch,"British startup brand, Curated Beauty London, launches in award-winning ‘super salon’ - scratchmagazine.co.uk",https://news.google.com/rss/articles/CBMiiwFBVV95cUxPdWdsOW9yV0tua1B6a3JISWNRSU1LTzA3d2ljRkN3cVpJaUJHRUZlNUxqZlhhZVUwNEpKMU5oR2FNSk15MkM2RGpldW51WXNqN0lyMTJTelZTak9MeVFFcWl4MHZrRVBwVXdLWXRCTDFrUzVuakJuWmdqUDZLUFRmSzh3VGRVZ0NXcW5V?oc=5,"Wed, 17 Dec 2025 08:00:00 GMT"
Editor’s Picks: The Best Beauty,London makeup brand launch,Editor’s Picks: The Best Beauty Pop-Ups of 2025 - BeautyMatter,https://news.google.com/rss/articles/CBMifEFVX3lxTFBhVzRSSDR2ZkUzbWVUM1RvcmJZLVdvQ01ac0NRWTVpblFuR0k4cFVLbmh6YnRXQzhINFFiNFMwbElmUjRoNWl3X0JHMjhMWG1xLVNMOXBHN2VzeFhwdHJfNkU4Ny1JZzdmLWpjcVVjM0xTRWlPUGlyZ1FqWXQ?oc=5,"Thu, 25 Dec 2025 08:00:00 GMT"
